target_location,strand,target,deletion,insertion,mismatch,exp_L_length,exp_R_length,ctr_L_length,ctr_R_length,L_length,R_length,signal_length,seq_score,track_score,log2_track_score,FDR,rank
chr6:43770819-43770841,-,GACCCCCTCCACCCCGCCTCCGG,0,0,0,76000.0,86000.0,0.0,0.0,76000.0,86000.0,162000.0,4.510899878992299,632.9390266213811,9.305922715924597,4.9959444e-317,1
chr6:26470379-26470401,+,GACCCCCCCCACCCCACCCCAGG,0,0,3,40000.0,34000.0,0.0,0.0,40000.0,34000.0,74000.0,2.5868677201867847,151.63158247496952,7.244426465279561,9.861783127771496e-219,2
chr6:31495044-31495066,-,CTCCCCCTCCACCCCACCTCCAG,0,0,4,31000.0,33000.0,0.0,3000.0,31000.0,30000.0,61000.0,2.1095697739028925,113.67002117183775,6.828708004167223,1.789606202836115e-194,3
chr6:110199815-110199837,+,TGCCCCCTCCACCCCACCTCTGA,0,0,4,14000.0,19000.0,0.0,4000.0,14000.0,15000.0,29000.0,2.1095697739028942,32.31443303631485,5.014106774330153,9.239971396075733e-105,4
chr6:3228690-3228711,+,CACCCCC-CCACCCCGCCCTCGG,1,0,3,11000.0,34000.0,0.0,0.0,11000.0,34000.0,45000.0,1.697809305808429,29.10284990737755,4.863088531385926,1.2948482190775334e-98,5
chr6:98825032-98825054,+,GCCACCCCCCACCCCGCCTCTGC,0,0,4,7000.0,27000.0,0.0,0.0,7000.0,27000.0,34000.0,2.1095697739028942,21.012754906602396,4.3931934158484145,1.771089265327212e-80,6
chr6:2737970-2737993,-,CACCCCCCCCCCACCCGCCCCCGG,0,1,4,32000.0,25000.0,11000.0,0.0,21000.0,25000.0,46000.0,1.6996949747155854,17.90283097366034,4.162115833702256,2.927816624006662e-72,7
chr6:43369582-43369604,+,GACACACCCCCCCCCGCCTCCGG,0,0,4,20000.0,16000.0,0.0,2000.0,20000.0,14000.0,34000.0,2.1095697739028942,10.578829785221874,3.4031081423364338,3.202693603455109e-48,8
chr6:36886043-36886065,-,GCCTCCCCCCACCCAGCCTCGGG,0,0,4,10000.0,22000.0,0.0,17000.0,10000.0,5000.0,15000.0,2.1095697739028942,7.331452124262417,2.874098978029646,2.666062552505986e-34,9
chr6:160131528-160131550,-,TCAGACCTCCACCCCGCCTCAGG,0,0,5,19000.0,3000.0,0.0,0.0,19000.0,3000.0,22000.0,1.7015822139229082,3.5644632040219415,1.833684828084013,1.2918418402361283e-13,10
chr6:14762507-14762529,-,GGCCCACCCCACCCCGCCCCGAG,0,0,5,14000.0,9000.0,0.0,0.0,14000.0,9000.0,23000.0,1.7015822139229095,3.3232209448952323,1.7325822140375131,4.067232949054055e-12,11
chr6:31400832-31400854,-,CTCCCCCTCCACCCCACCTCCAA,0,0,5,4000.0,0.0,3000.0,0.0,1000.0,0.0,1000.0,1.7015822139229095,3.3053122315007712,1.7247865602537906,4.861101053867448e-12,12
chr6:36801789-36801811,-,ATACCCCTCCACCCTGCCCCTGG,0,0,5,6000.0,0.0,0.0,0.0,6000.0,0.0,6000.0,1.7015822139229082,2.1700784700369775,1.1177472114653189,0.00012649993453847565,13
chr6:44025096-44025118,+,GGCCCCCTCCACCAGGCCTCAGG,0,0,3,4000.0,18000.0,0.0,3000.0,4000.0,15000.0,19000.0,2.5868677201867847,1.9623993713095058,0.9726186768145104,0.002566144128686043,14
chr6:14057759-14057782,-,CACCCCACCCCACCCCACCCCAGG,0,1,4,4000.0,7000.0,0.0,0.0,4000.0,7000.0,11000.0,1.6996949747155854,1.9379540579189276,0.9545343699283486,0.003423001495575465,15
chr6:80947657-80947679,+,CACCACCGCCACCCCACCCCCGC,0,0,6,5000.0,0.0,0.0,0.0,5000.0,0.0,5000.0,1.35584622311238,1.7653726942494599,0.8199727882473007,0.037910130220830944,16
chr6:26570629-26570651,+,GACCCCC-CCACCCCACCCTCCGG,1,1,1,78000.0,0.0,0.0,0.0,78000.0,0.0,78000.0,2.102922847915925,1.7477092933985252,0.8054652329786355,0.045655232288414824,17
